Nehézség;Kérdés;A;B;C;D;Válasz;Kategória
1;Hol található a csarnokvíz?;a pályaudvaron;a szemben;a tejcsarnokban;barlangfürdőben;B;BIOLÓGIA
2;Mi indul Rideg Sándor regényének címében?;a banzáj;a bakterház;a mandula;a verseny;B;FILM
3;Melyik madarat nevezi a néphit vészmadárnak?;a seregélyt;a verebet;a kuvikot;a feketerigót;C;NYELV
4;Melyik Európa legmagasabb működő vulkánja?;Stromboli;Hekla;Szantorini;Etna;D;FÖLDRAJZ
5;Melyik volt Koncz Zsuzsa első önálló nagy slágere?;Szőke Anni balladája;Rohan az idő;Színes ceruzák;Kis virág;A;ZENE
6;Kik hordták eredetileg az anorákot?;a serpák;az eszkimók;a lappok;a nyenyecek;B;TÖRTÉNELEM
1;Melyik járműről elnevezett együttes tagja volt Zorán a 60-as években?;Villamos;HÉV;Autóbusz;Metró;D;ZENE
2;Hogyan vágtatott a Tisza Petőfi verse szerint?;mint a megvadult bika;mint a forgószél;mint az őrült, ki letépte láncát;mint a menekülő, kit kerget a tatár;C;IRODALOM
3;Mivel foglalkozik az, akinek az ikebana a hobbija?;keleti küzdősporttal;virágokkal;papírhajtogatással;japán kakasokkal;B;ÁLTALÁNOS
4;Hány játékos van egyszerre a pályán egy kosárlabda-csapatból?;négy;hét;hat;öt;D;SPORT
5;Kiknek az érdekeit képviseli az UNICEF?;szakszervezetek;gyerekek;állatvédők;dolgozók;B;ÁLTALÁNOS
6;Hogyan nevezték kedveskedve a homlokba hulló kis fodor női hajfürtöt?;huncutka;mucika;pöndörke;tekercske;A;ÁLTALÁNOS
7;Milyen egységben mérik a hang rezgésszámát?;tonban;decibelben;hertzben;luxban;C;TUDOMÁNY
8;Milyen nőt ábrázol Munkácsy ismert, 1873-as képe?;korsóvívő;bordóruhás;rőzsehordó;gyermekét tartó;C;KÉPZŐMŰVÉSZET
9;Mi volt a neve George Stephenson első mozdonyának?;George;Mylord;Rocket;Locomotive;B;TECHNIKA
10;Ki volt a gyermekorvostan első tanára hazánkban?;id. Bókay János;Heim Pál;Schöpf-Mérei Ágoston;Korányi Sándor;A;BIOLÓGIA
1;Hogy nevezzük másképpen a kárókatonát?;obsitos;treff bubi;bölönbika;kormorán;D;BIOLÓGIA
2;Melyik futballistát nevezik "Fekete gyöngyszem"-nek?;Thuramot;Pelét;Eusebiót;Andy Cole-t;B;SPORT
3;La Fontaine, Aiszóposz, Fáy András, Heltai Gáspár. Mi köti össze ezt a négy szerzőt?;a születési helyük;a vallásuk;a szerelmük;az állatmesék;D;ÁLTALÁNOS
4;Melyik magyar várost nevezik a "vizek városának"?;Siófok;Tata;Szeged;Debrecen;B;MAGYARORSZÁG
5;Mi volt a neve Paulina szerelmének, Carlitos édesapjának a Paula és Paulina című sorozatban?;Paulinho;Carlos Daniel;Rodrigo;Zorro;B;ÁLTALÁNOS
6;Milyen része egy ruhának a zsabó?;hímzett zseb;csipkés mellfodor;keményített ingujj;csipkés gallér;B;ÁLTALÁNOS
7;Apostol szavunk a görög "aposztolosz" szóból származik. Mi a szó eredeti jelentése?;tanítvány;küldött;pásztor;kőszikla;B;NYELV
1;Hol sütik már a rántott békát?;Kovácséknál;Vargáéknál;Virágéknál;Gólyáéknál;C;IRODALOM
2;Az alábbi szavak közül melyiket írtuk helytelenül?;sóhaj;talaj;fogoj;zsivaj;C;NYELV
3;Az alábbi ételek közül melyikbe nem kell burgonya?;sztrapacska;szilvás gombóc;túrógombóc;gránátos kocka;C;KONYHA
4;Milyen állat a Fekete István történetéből ismert Lutra?;hód;vidra;cickány;tengerimalac;B;IRODALOM
5;Melyik híres popsztár slágerei voltak a "Bad" illetve a "Black Or White"?;Michael Jackson;Rod Stewart;George Michael;Elton John;A;ZENE
6;Hol mossa a lepedőjét Ágnes asszony Arany János balladájában?;a patakban;a kútnál;a Tiszában;a teknőben;A;IRODALOM
7;Hol használták régen az édesvízi piócák egyes fajait?;a növénynemesítéseknél;a harcászatban;a gyógyászatban;a szakácsművészetben;C;BIOLÓGIA
8;Hogyan jutok hozzá valamihez, ha egy barter során szerzem meg?;pályázaton;sokoldalú alku után;rövid lejáratú kölcsönnel;cserével;D;ÁLTALÁNOS
9;Kinek a nevéhez fűződik a Züzü-sorozat?;Csók István;Paál László;Pór Bertalan;Szőnyi István;A;KÉPZŐMŰVÉSZET
10;Ki minden idők legfiatalabb wimbledoni férfi teniszbajnoka?;Pete Sampras;Björn Borg;Stefan Edberg;Boris Becker;D;SPORT
11;Az alábbi ismert énekesek közül ki játszotta saját magát Sándor Pál Ripacsok című filmjében?;Szörényi Levente;Somló Tamás;Zorán;Vikidál Gyula;C;FILM
1;Hogyan győzte le Dávid Góliátot?;Szkanderben lenyomta;Dárdájával eltalálta;Elgáncsolta;Parittyával leterítette;D;VALLÁS
2;Mi a neve a hím szamárnak?;kan;mén;ünő;csődör;D;BIOLÓGIA
3;Mi történik a mimóza levelével, ha megérintjük?;elporlad;szétnyílik;összecsukódik;festékanyagot spriccel;C;BIOLÓGIA
4;Az alábbiak közül ki a Fehérlófia című népmese szereplője?;Bokorugró;Fanyűvő;Fűvágó;Fenyődöntő;B;IRODALOM
5;Ki az a híres amerikai kosárlabda-játékos, aki az RTL Klub Zsoldosok című sorozatában szerepel?;Jordan;Barkley;Rodman;Pippen;C;SPORT
6;Mivel foglalkozott idősebb Rubik Ernő?;űrkutatással;repülőgép-építéssel;játékgyártással;gépkocsigyártással;B;TECHNIKA
7;Milyen színű lesz a lakmuszpapír sav hatására?;sárga;zöld;vörös;kék;C;TUDOMÁNY
1;Mit csinál a mondás szerint, aki "igába hajtja a fejét"?;elválik;tehenet fej;megnősül;ekét tesztel;C;NYELV
2;Az alábbiak közül melyik nem marhahús?;bélszín;dagadó;rostélyos;felsál;B;KONYHA
3;Miket láthatunk egy skanzenben?;éremgyűjteményeket;tömegközlekedési eszközöket;falusi epületeket;operaelőadásokat;C;ÁLTALÁNOS
4;Mivel játsszák a marokkó nevű játékot?;kockákkal;kártyával;pálcikákkal;dominóval;C;JÁTÉK
5;Ki komponálta a West Side Story című musical zenéjét?;George Gershwin;Leonard Bernstein;Maurice Ravel;Nino Rota;B;ZENE
6;Hol építettek hidat az angol hadifoglyok David Lean filmjében?;túl messze;a Zambézin;a Kwai folyón;a Szakvenen;C;FILM
7;Hogyan nevezték a kozák katonai parancsnokot?;kelevéz;atamán;atanáz;ottomán;B;TÖRTÉNELEM
8;Melyik az a ruhaipari anyag, amelyet fiatal kecske bőréből készítenek?;sevró;szatén;velúr;nubuk;A;BIOLÓGIA
1;Az alábbiak közül melyik egy sütemény neve?;anyósnyelv;nőiszeszély;pletyka;nőiszirom;B;KONYHA
2;Melyik országot nevezték a Nílus ajándékának?;Asszíriát;Egyiptomot;Kínát;Mezopotámiát;B;TÖRTÉNELEM
3;Milyen lapot mutat fel a játékvezető a labdarúgásban kiállításkor?;rózsaszínt;sárgát;pirosat;feketét;C;SPORT
4;Melyik szoros szabályozásának tervét készítette Vásárhelyi Pál?;Bering;Vaskapu;Thermopülai;Gibraltári;B;TECHNIKA
5;Melyik ország vallási és politikai vezetője volt Komeini ajatollah?;Jordánia;Irán;Irak;Szaúd-Arábia;B;TÖRTÉNELEM
6;Az autó melyik alkatrészét találta fel Bánki Donát és Csonka János?;a fékbetétet;a sebességváltót;a lengéscsillapítót;a porlasztót;D;TECHNIKA
7;Ki tervezte a barcelonai Sagrada Família katedrálist?;Fernán Cabailero;Le Corbusier;Walter Gropius;Antonio Gaudi;D;TECHNIKA
8;Mi volt az egri Líceum Spekula nevű épülete?;kaszinó;kereskedőház;csillagvizsgáló;könyvtár;C;ÁLTALÁNOS
9;Mi a neve a jó tanulónak Karinthy Tanár úr kérem című művében?;Wasserkopf;Fröhlich;Steinmann;Bauer;C;IRODALOM
1;Melyik nem a francia kártya színe?;pikk;káró;tök;treff;C;JÁTÉK
2;Miért szorítja meg ujjunkat egy újszülött csecsemő?;így kér enni;a fogóreflex miatt;szorít értünk;hogy figyeljünk rá;B;BIOLÓGIA
3;Milyen ruhadarabot visel, aki neglizsében van?;hálóköntöst;térdnadrágot;kiskosztümöt;lábszárvédőt;A;ÁLTALÁNOS
4;Melyik konyhakerti növényt termesztik ehető virágzatáért?;retek;zeller;karfiol;fejes káposzta;C;KONYHA
5;Melyik városban lötték le John Lennont?;Los Angelesben;Londonban;New Yorkban;Liverpoolban;C;ZENE
6;Mivel keltette életre teremtményét dr. Frankenstein az eredeti történetben?;klónozással;csókkal;mágneses indukcióval;elektromossággal;D;IRODALOM
7;Melyik város része Hollywood, a "film fővárosa"?;Los Angeles;Las Vegas;New York;Detroit;A;FILM
8;Melyik egy finnugor nép neve?;szamojéd;szingaléz;alemann;méd;A;NYELV
9;Mit neveznek a Kecskemét környéki nyelvjárásban garabónak?;egy téli pulóvert;egy füles kosarat;a gólyát;a jól tanuló diákot;B;NYELV
10;Melyik országban található a Szent András-törésvonal?;Ausztrália;USA;Mexikó;Kanada;B;FÖLDRAJZ
11;Melyik irodalmi újság indult 1916-ban?;Kelet Népe;Nyugat;Ma;Pesti Hírlap;C;IRODALOM
12;Milyen gyártású gőzmozdonyok közlekedtek az első magyar gőzüzemű vasútvonalon?;angol;német;amerikai;belga;D;TECHNIKA
1;"Mennyit ér" az értéktelen árú?;egy krajcárt;egy fabugyellárist sem;egy lepedőt;egy fabatkát sem;D;ÁLTALÁNOS
2;Az egyik magyar népmesében égig ér a paszuly. Milyen növény ez a valóságban?;jegenye;bab;gaz;borsó;B;BIOLÓGIA
3;Melyik testrészünk csontjai: a kalapács, az üllő és a kengyel?;a láb;a kéz;a váll;a fül;D;BIOLÓGIA
4;Hol találták fel a hőmérséklet-változásokra érzéketlen üveget?;Müchenben;Weimarban;Jénában;Herenden;C;TECHNIKA
5;Mi a sörbet?;barnasör-fajta;sörtészta;sós sörkorcsolya;édes gyümölcslé;D;KONYHA
6;Hogyan tájékozódnak éjszaka a denevérek?;ultrahanggal;karmaikkal;szárnyaikkal;faroktollaikkal;A;BIOLÓGIA
7;Milyen különleges képet készít a Nobel-díjas Gábor Dénes találmánya?;digitális képet;hologramot;piktogramot;gyorsfényképet;B;TECHNIKA
8;Az alábbiak közül ki nem számít gyalogosnak a KRESZ szerint?;aki kerékpárt tol;aki segédmotoros kerékpárt tol;aki talicskát tol;aki állatokat terel;D;ÁLTALÁNOS
1;Mi történik annak az embernek az állával, aki éhen marad?;leesik;felkopik;megrándul;borostás lesz;B;ÁLTALÁNOS
2;Az alábbi "tejtermékek" közül melyik növénynév?;bikatej;kántortúró;bikavaj;papsajt;D;BIOLÓGIA
3;Hol rendezték a gladiátorjátékokat az ókori rómaiak?;amforában;agorán;amfiteátrumban;termában;C;TÖRTÉNELEM
4;Az alábbiak közül melyik mű fűződik Széchenyi István nevéhez?;A vadászebekrűl;A lovakrul;A szarvasmarhákrul;A kétfejű sasrul;B;TÖRTÉNELEM
5;Mi Albánia pénzneme?;leva;lej;lek;lwei;C;ORSZÁGOK
6;Kinek a nevéhez fűződik a mondás: "A kocka el van vetve"?;Szókratész;Thalész;Julius Caesar;Rubik Ernő;C;ÁLTALÁNOS
7;Minek a tárolására szolgált a butélia?;dohány;pálinka;fűszer;tinta;B;ÁLTALÁNOS
8;Milyen stílusban épült az esztergomi főszékesegyház?;barokk;neoromán;neoreneszánsz;klasszicista;D;ÉPÍTÉSZET
9;Mit jelent az imát lezáró "ámen" szó?;vége;az Úrhoz;mindörökké;úgy legyen;D;NYELV
10;Minek a rövidítése az MTK?;Magyar Testnevelési Klub;Magyar Testgyakorlók Köre;Magyar Torna Klub;Magyar Tornászok Köre;B;SPORT
11;Melyik ország nem határos Brazíliával?;Ecuador;Guyana;Paraguyay;Bolívia;A;ORSZÁGOK
12;Hol játszódik Bernstein "West Side Story" című musicalje?;San Franciscoban;Los Angelesben;New Yorkban;Londonban;C;ZENE
1;"Mit csinálj" a sörrel a Fonográf együttes slágerének címe szerint?;Döntsd be!;Lökd ide!;Fizesd ki!;Küld le!;B;ZENE
2;Hogy nevezik az ajtókeret felső, vízszintes fáját?;homlokfa;szófa;szemöldökfa;kapufa;C;ÁLTALÁNOS
3;Hogyan kapcsolódik az igazságszolgáltatáshoz a talár?;a bírói kalapács neve;bűntetőeszköz volt;a bírói palást neve;ügyvédi pecsét neve;C;ÁLTALÁNOS
4;Mire használják az ázsiai népek a dzsunkát?;rizspálinka főzésére;hajózásra;selyemszövésre;petárda készítésére;B;ÁLTALÁNOS
5;Mivel tartósítanak a kandírozás során?;sóval;ecettel;cukorral;szesszel;C;KONYHA
6;Kinek a felesége volt Andrássy Katinka, a "vörös grófnő"?;Andrássy Gyula;Tisza Kálmán;Károlyi Mihály;Eötvös József;C;TÖRTÉNELEM
7;Melyik színház igazgatója volt Major Tamás?;Madách Színház;Nemzeti Színház;Vígszínház;Pesti Színház;B;SZÍNHÁZ
8;Milyen növény a borbolya?;moha;fenyőféle;páfrány;gombaféle;B;BIOLÓGIA
1;A közhiedelem szerint hol puhították őseink a húst?;nyereg alatt;kerék alatt;patkó alatt;sós kútban;A;TÖRTÉNELEM
2;Kik hordták a pártát?;a feleségek;a hajadonok;az özvegyek;a menyecskék;B;ÁLTALÁNOS
3;Melyik ércből állítják elő az alumíniumot?;rézből;bauxitból;vasércből;nikkelből;B;TECHNIKA
4;Milyen tavasz szerepel a Karády Katalin főszereplésével készült film címében?;záporos;végzetes;halálos;bolondos;C;FILM
5;Melyik Verdi-operában hangzik el "Az asszony ingatag" kezdetű ária?;Otello;Don Carlos;Rigoletto;Traviata;C;OPERA
6;Az előlények milyen képessége a mimikri?;szárazságtűrés;fényenergia-átalakítás;szín- és alakutánzás;szaganyag-felismerés;C;BIOLÓGIA
7;Hogyan nevezik a bíborosok pápaválasztó gyűlését?;konvent;konkordátum;kongregáció;konklávé;D;VALLÁS
8;Ki játszotta János vitézt Kacsóh Pongrác daljátékának bemutatóján?;Sárdy János;Fedák Sári;Blaha Lujza;Ujházi Ede;D;SZÍNHÁZ
9;A KRESZ szerint mekkora sebességgel közlekedhet a segédmotoros kerékpár a kerékpárúton?;legfeljebb 15 km/óra;legfeljebb 30 km/óra;legfeljebb 20 km/óra;legfeljebb 10 km/óra;C;ÁLTALÁNOS
10;Melyik volt az Illés együttes első nagylemeze?;Illések és pofonok;Add a kezed!;Nehéz az út;Ne sírjatok lányok!;C;ZENE
1;Milyen "kamrában" dolgoznak a fényképészek?;éles;élés;sötét;komor;C;ÁLTALÁNOS
2;Melyik állat neve egyezik meg egy nyakban hordott női ruhadarab nevével?;nandu;boa;alpaka;naja;B;ÁLTALÁNOS
3;Melyik mai állam területén éltek az aztékok?;Guatemala;Peru;Kolumbia;Mexikó;D;TÖRTÉNELEM
4;Az alábbiak közül melyiket nevezik kotlettnek?;a serdülő csirkét;a könnyűvérű hölgyet;a kotnyeles lettet;a sertéskarajt;D;NYELV
5;Kik készítettek először szakócát?;a favágó céh inasai;az ősemberek;a bakonyi betyárok;az apacsok;B;TÖRTÉNELEM
6;Ki kerül közelebbi kapcsolatba a tizennégy karátos autóval a Rejtő-regényben?;Gorcsev Iván;Fülig Jimmy;Tuskó Hopkins;az igazi Trebitsch;A;IRODALOM
7;Melyik sportágban volt élvonalbeli versenyző Karinthy Ferenc, a kitűnő író?;vízilabdában;labdarúgásban;teniszben;atlétikában;A;SPORT
8;Kinek a palotája volt a mitológia szerint a Valhalla?;Morrigan;Krisna;Odin;Ozirisz;C;VALLÁS
9;Melyik országnak van a legtöbb szomszédja?;Oroszország;Kína;Szudán;Brazília;A;ORSZÁGOK
1;Mit kiáltott Arkhimédész a fürdőkádból kiugorva, mikor rájött híres törvényére?;Demokrácia!;Olimpia!;Anarchia!;Heuréka!;D;TUDOMÁNY
2;A Beatles-együttes melyik tagja viselt szemüveget?;John Lennon;Paul McCartney;George Harrison;Ringo Starr;A;ZENE
3;Az alábbiak közül melyikből készítik a sóletet?;zöldborsó;lencse;szárazbab;sárgaborsó;C;KONYHA
4;Mit neveztek spanyolcsizmának?;a torreádorok cipőjét;nemesi lábbelit;borkészítő eszközt;vallatóeszközt;D;NYELV
5;Melyik országot nem érinti a Duna?;Bulgáriát;Szlovéniát;Horvátországot;Szlovákiát;B;FÖLDRAJZ
1;Milyen volt a híres magyar kulacs?;kutyaszőrös;bőregeres;csikóbőrös;tehéntőgyes;C;ÁLTALÁNOS
2;Milyen fényképezési eljárás során készül el a fénykép egy-két perc alatt?;polarográfia;polaroid;tomográfia;polder;B;TECHNIKA
3;Melyen nevű orosz katonától búcsúzik a Pa-Dö-Dö együttes?;Vlagyimír;Iván;Szása;Szergej;C;ZENE
4;Melyik állat vált Berlin jelképévé?;a bika;a medve;a kenguru;az oroszlán;B;ÁLTALÁNOS
5;Melyik versben szerepel a "sehonnai bitang ember"?;Himnusz;Nemzeti dal;Szózat;Pató Pál úr;B;IRODALOM
6;Melyik neves család épített kastélyt Fertődön?;Batthyány;Széchenyi;Esterházy;Rákóczi;C;MAGYARORSZÁG
7;Milyen tulajdonság jellemez egy konjunktúralovagot?;hűséges;gáncs nélküli;ügyeskedő;lovagiatlan;C;NYELV
8;Az alábbi ételek közül melyiket nevezik "gömböcnek"?;a disznósajtot;a májas hurkát;a kecskesajtot;a rozscipót;A;KONYHA
9;Az alábbiak közül melyik a helytelen írásmód?;díszszázad;nagygyűlés;kulcscsont;észszerű;D;NYELV
10;Mi volt a neve annak a hajónak, amely fedélzetére vette a Titanic túlélőit?;Eritrea;Carpathia;Lusitania;Aurora;B;ÁLTALÁNOS
11;Melyik ország területén található a Kalahári-sivatag?;Botswana;Namíbia;Zimbabwe;Dél-afrikai Köztársaság;A;FÖLDRAJZ
12;Miről kapta a nevét a rottweiler kutyafajta?;egy juhfajtáról;egy színről;egy város nevéről;egy tenyésztő nevéről;C;NYELV
1;Az alábbiak közül melyik nem növénynév?;áfonya;galagonya;tarhonya;burgonya;C;BIOLÓGIA
2;Honnan ered az akupunktúra mint gyógymód?;Kínából;Indiából;Japánból;Egyiptomból;A;BIOLÓGIA
3;Melyik énekesnő játszotta az "Evita" című film címszerepét?;Diana Ross;Whitney Houston;Gloria Estefan;Madonna;D;FILM
4;Zömmel milyen építészeti stílusban épült Jákon a bencés apátság temploma?;gótikus;román;reneszánsz;barokk;B;ÉPÍTÉSZET
5;Melyik madár tud hátrafelé is repülni?;gólya;sas;galamb;kolibri;D;BIOLÓGIA
6;Ki alakítja Esmeraldát a népszerű sorozatban?;Leticia Calderón;Lucelia Santos;Salma Hayek;Imelda Marcos;A;ÁLTALÁNOS
7;Ki zenésítette meg a Szózatot?;Erkel Ferenc;Mosonyi Mihály;Egressy Béni;Liszt Ferenc;C;OPERA
8;"Itt a kezem, nem disznóláb!" - szól a mondás. Mit neveztek akkoriban disznólábnak?;fegyvert;sertéscombot;vándorbotot;kesztyűt;A;NYELV
1;Melyik budapesti hegyen nem lehet síelni?;a Ferihegyen;a János-hegyen;a Hármashatár-hegyen;a Széchenyi-hegyen;A;ÁLTALÁNOS
2;Mire használják a keleti népek a kaftánt?;lószerszámként;fejfedőként;vízipipaként;kabátként;D;NYELV
3;Az alábbiak közül milyen alapszínű lehet a levelibéka?;sárga;fehér;zöld;fekete;C;BIOLÓGIA
4;Az alábbiak közül melyik országban nem a frank a hivatalos pénznem?;Franciaország;Luxemburg;Hollandia;Andorra;C;ORSZÁGOK
5;Melyik ehető részéért termesztik a brokkolit?;a száráért;a leveléért;a virágzatáért;a gyökértörzséért;C;KONYHA
6;Mi a fő exportcikke az OPEC tagországoknak?;a hal;a kőolaj;a búza;a kávé;B;ÁLTALÁNOS
7;Mi a neve a számítógépes adatállománynak?;bit;fájl;byte;basic;B;TECHNIKA
8;Mi a címe Edvard Munch 1939-es képének, mely egy rémült, kétségbeesett alakot ábrázol?;A sokk;A sikoly;A megriadt ló;A rémület arca;B;KÉPZŐMŰVÉSZET
9;A Monty Python-csoport mely tagja kalauzolta az RTL Klub nézőit a világ körül?;Eric Idle;John Cleese;Michael Palin;Terry Gilliam;C;ÁLTALÁNOS
10;Mi Zámbó Jimmy eredeti keresztneve?;József;István;Imre;János;C;ZENE
1;A nóta szerint milyenre van a rácsos kapu festve?;rózsaszínűre;kockásra;lilára;zöldre;D;ÁLTALÁNOS
2;Melyik testrészünk közelíti meg az első életév végére végleges nagyságát?;szemünk;kis lábujjunk;fogunk;ádámcsutkánk;A;BIOLÓGIA
3;Mivel foglalkozik a bukméker?;totótippekkel;rulettel;pókerrel;lóverseny-fogadással;D;ÁLTALÁNOS
4;Mi vagy ki a kurkuma?;török nyalánkság;bőrbetegség;kurd koma;fűszernövény;D;NYELV
5;Kinek a teremtését ábrázolja a Sixtus-kápolna mennyezetfreskója?;Ádám;Jákob;József;Noé;A;VALLÁS
6;Petőfi melyik versében örökítette meg kora nagy színésze, Megyeri Károly alakját?;Színészdal;A tintásüveg;Színházban;Szilveszter éje 1847-ben;B;IRODALOM
7;Melyik országban található a Stonehenge titokzatos kőtömbjei?;a Dél-afrikai Köztársaságban;Angliában;Ausztráliában;Kanadában;B;ORSZÁGOK
8;Kik irányították az Eötvös Lóránd Tudományegyetem jogelődjének számító egyetemet 1773-ig?;bencések;piaristák;jezsuiták;ferencesek;C;VALLÁS
9;Milyen miniszter volt az idősebb és az ifjabb Andrássy Gyula is?;hadügy;külügy;belügy;pénzügy;B;TÖRTÉNELEM
1;Mi a foglalkozása Figarónak Rossini operájában?;ékszerész;borbély;bérkocsis;kottamásoló;B;OPERA
2;Kik vagy mik láthatók a magyar kártya négy ászán?;égtájak;hadvezérek;évszakok;királyok;C;JÁTÉK
3;Milyen marhahús kerül a tatár bifsztekbe?;párolt;nyers;sült;főtt;B;KONYHA
4;Melyik magyar történelmi területről írt Móricz Zsigmond trilógiát?;a Felvidékről;Erdélyről;Dél-Bácskáról;Burgenlandról;B;IRODALOM
1;Milyen állatokat tart, akinek guppijai vannak?;ugróegereket;csörgőkígyókat;díszhalakat;teheneket;C;BIOLÓGIA
2;Hej, melyik folyó felől fúj a szél a népdal szerint?;Dunáról;Tiszáról;Szamosról;Marosról;A;ÁLTALÁNOS
3;Mit készítenek a cikóriából?;műgyantát;pótkávét;tapétát;alkoholt;B;ÁLTALÁNOS
4;Minek az elődje volt a dagerrotípia?;gépkocsi;fénykép;dinamó;távcső;B;TECHNIKA
5;Mi érdekli azt az embert aki majolikákról olvas?;a fűszerek;egy játék;a bábművészet;a cserépedények;D;NYELV
6;Melyik játékhoz nincs szükség játéktáblára?;dáma;backgammon;go;rikiki;D;JÁTÉK
7;A közhiedelem szerint mi zuhant le az amerikai Roswellben 1947-ben?;földön kívüli űrhajó;marsról származó meteorit;szovjet műhold;amerikai vadászrepölő;A;ÁLTALÁNOS
8;Kinek a színműve a Két úr szolgája?;Goldoni;Pirandello;Neil Simon;Moliére;A;IRODALOM
9;Mi volt Tajvan korábbi neve?;Burma;Ceylon;Sziám;Formosa;D;ORSZÁGOK
1;Az alábbiak közül melyik egy borsófajta?;csattanó;pattogó;csicseri;csácsogó;C;BIOLÓGIA
2;Melyik tánc neve egyezik meg egy női ruha nevével?;tangó;mazurka;boleró;rumba;C;NYELV
3;Mit csinál egy hajó, amikor a matrózok kidobják az ankert?;megszabadul a potyautastól;elindul;lehorgonyoz;nagyobb sebességre vált;C;ÁLTALÁNOS
4;Milyen hangszer készítőjeként vált híressé Stradivari?;zongora;gitár;hegedű;nagybőgő;C;OPERA
5;Az alábbi hozzávalók közül melyik nem kell a borscsba?;uborka;cékla;káposzta;paradicsom;A;KONYHA
6;Hogy hívták az Aranycsapat szövetségi kapitányát?;Illovszky Rudolf;Baróti Lajos;Sebes Gusztáv;Hoffer József;C;SPORT
7;Melyik a Duna egyetlen bal oldali mellékfolyója Magyarországon?;Tarna;Rába;Ipoly;Sió;C;FÖLDRAJZ
8;Mi a fényerősség SI mértékegysége?;kandela;lumen;lux;farad;A;TUDOMÁNY
1;Az alábbiak közül melyik volt egy férfiköpeny neve?;pandúrleső;kutyafogó;malaclopó;macskahajtó;C;ÁLTALÁNOS
2;Milyen üdítőitalt készítenek gyümölcsből és tejből?;koktélt;turmixot;csáját;krampampulit;B;KONYHA
3;Hogy néz ki a fotogén ember a fényképen?;előnytelenül;előnyösen;elviselhetően;elrettentően;B;ÁLTALÁNOS
4;Ki írt világhírű regényt a párizsi Notre Dame toronyőréről?;Honore de Balzac;Victor Hugo;Emile Zola;Gustave Flaubert;B;IRODALOM
5;Milyen gyűjtemény a herbárium?;növény;lepke;bélyeg;érme;A;NYELV
6;Kik találták fel a kajakot?;az eszkimók;a kínaiak;a hollandok;az inkák;A;TECHNIKA
7;Melyik a Föld legnagyobb sivataga?;Nagy-Viktória -sivatag;Szahara;Góbi-sivatag;Líbiai-sivatag;B;FÖLDRAJZ
8;Melyik híresség családja származik a Békés megyei Ajtós községből?;Albrecht Dürer;Amerigo Tot;Tony Curtis;Richard Gere;A;ÁLTALÁNOS
9;Melyik mű írójának tiszteletére alkották meg a palóclevest?;Aranykoporsó;Rokonok;Gavallérok;Macskajáték;C;IRODALOM
10;Milyen termékként hozták először forgalomba Európában a kaucsukot?;kerékpár-abroncsként;radírként;hőszigetelőként;óvszerként;B;TECHNIKA
11;Ki dolgozta ki a kvantumelméletet?;Werner Heisenberg;Erwin Schrödinger;Max Planck;Max Born;C;TUDOMÁNY
12;Miket választ el egymástól a Kármán-vonal?;a légi teret és a világűrt;a sztratoszférát és a bioszférát;a kontinenseket és a tengereket;a földköpenyt és a földkérget;A;TUDOMÁNY
1;Mi a neve a népszerű kártyajátéknak: "Csapd le ...!";mami;bari;boci;csacsi;D;JÁTÉK
2;Egészítse ki a szólást: "Aki ... közé keveredik, megeszik a disznók.";korpa;moslék;kása;konkoly;A;NYELV
3;Mi a címe Milos Forman filmjének: "Száll a kakukk ...";fiához;nyugatra;fészkére;széllel;C;FILM
4;Milyen nemzetiségű volt a nagy meseíró, Andersen?;svéd;dán;német;holland;B;IRODALOM
5;Ki volt az Omega együttes első dobosa?;Solti János;Debreceni Ferenc;Laux József;Németh Oszkár;C;ZENE
6;Hol volt Minótaurosz híres labirintusa?;Máltán;Cipruson;Krétán;Korzikán;C;TÖRTÉNELEM
7;Mit neveznek a törökök halvának?;egy édességfajtát;egy turbánfajtát;a szultán háremét;a török kávéházat;A;NYELV
8;Kit neveznek a "hidrogénbomba atyjának"?;Teller Edét;Enrico Fermit;Robert Oppenheimert;Szilárd Leót;A;TUDOMÁNY
9;Ki nem kapott egyik alakításáért sem Oscar-díjat az alábbi színésznők közül?;Greta Garbo;Audrey Hepburn;Olivia de Havilland;Bette Davis;A;FILM
1;Mit nevezünk kanasztának?;a kánász segédjét;férfimodellt;díjnyertes kandúrt;kártyajátékot;D;NYELV
2;Milyen "hölgy" ifjabb Alexander Dumas művének címszereplője?;kökörcsines;kaméliás;kamillás;kámeás;B;IRODALOM
3;Mi Nemo kapitány hajójának a neve?;Kon-Tiki;Mayflower;Nautilus;Santa Maria;C;IRODALOM
4;Kiről vagy miről kapta a nevét a trappista sajt?;szerzetesrendről;francia borászról;holland legelőről;tehénfajtáról;A;NYELV
5;Melyik nem növény az alábbiak közül?;boglárka;gyöngyvirág;tiszavirág;csombor;C;BIOLÓGIA
6;Melyik nem kihalt állat az alábbiak közül?;dinoszaurusz;mauritiusi dodó;mamut;tapír;D;BIOLÓGIA
7;Melyik híres történelmi személyiségünk neve van helytelenül leírva?;Kossuth Lajos;Vörösmarty Mihály;Széchenyi István;Batthány Lajos;D;NYELV
8;Ki nem játszotta Batman partnernőjét az alábbi színésznők közül?;Kim Basinger;Nicole Kidman;Isabella Rossellini;Michelle Pfeiffer;C;FILM
9;Kinek a képe látható a magyar kártya zöld alsóján?;Rudenz Ulrich;Reding Itell;Fürst Walter;Harras Rudolf;C;JÁTÉK
10;Milyen az útszél Tóth Árpád Áprilisi capriccio című versében?;esőáztatta;naptól tüzes;csupa pitypang;madárdaltól hangos;C;IRODALOM
1;Mit szeret az az ember, akit rongyrázónak neveznek?;nagyzolni;táncolni;mosogatni;port törölni;A;ÁLTALÁNOS
2;Melyik ország államelnöke Fidel Castro?;Mexikó;Jamaica;Kuba;Panama;C;TÖRTÉNELEM
3;Melyik kémiai elemet használják a víz fertőtlenítésére?;a brómot;a mangánt;a klórt;a magnéziumot;C;TUDOMÁNY
4;Mit neveztek a régi magyarok Hadak útjának?;a honfoglalás útvonalát;a Tejutat;a Bécs felé vezető főutat;a nászutat;B;TÖRTÉNELEM
5;Az alábbiak közül melyiket nevezik bricskának?;vitorlás hajót;lovas kocsit;zsebkést;térdnadrágot;B;NYELV
6;Kiről nevezték el vulkánnak a tűzhányókat?;egy római istenről;egy mongol uralkodóról;egy szigetről;egy ókori városról;A;NYELV
7;Meddig nevezünk egy tehenet üszőnek?;egy hónapos koráig;míg nem ellik;két éves koráig;az utolsó ellésig;B;BIOLÓGIA
8;Hogy "becézik" a párizsiak az Eiffel-tornyot?;az óriás;a fúrótorony;a zsiráf;az öreg hölgy;D;ÁLTALÁNOS
9;Melyik rockzenész kapta 2000-ben a legtöbb Grammy-díjat?;Phil Collins;Stevie Wonder;Carlos Santana;Eric Clapton;C;ZENE
10;Hányas számú mezt viselte Puskás Öcsi az Aranycsapatban?;10-es;9-es;8-as;11-es;A;SPORT
11;Kinek a meséje alapján írta meg Ránki György a "Pomádé király új ruhája" című operát?;Grimm-testvérek;Benedek Elek;La Fontaine;Andersen;D;OPERA
1;Hogy hívják a pálinkafőzéshez erjesztett gyümölcslét?;cifra;cefre;cvikker;cekker;B;KONYHA
2;Mit jeleznek oktánszámokkal?;lóversenyek helyezéseit;az acél terhelhetőségét;a benzin minőségét;hangterjedelmet;C;ÁLTALÁNOS
3;Melyik ma is élő állat hossza haladhatja meg a 30 métert?;palackorrú delfin;kékbálna;robusztuskígyó;gigantoteknős;B;BIOLÓGIA
4;Melyik fegyverről kapta nevét a számítógép merev mágneslemezes tárolója?;a torpedóról;a revolverről;a winchesterről;a coltról;C;ÁLTALÁNOS
5;Melyik fa levele látható Kanada címerében?;juhar;tölgy;gyertyán;nyír;A;ORSZÁGOK
6;Hol látogathatjuk meg Magyarországon a Kovács Margit Múzeumot?;Kaposváron;Pécsett;Pápán;Szentendrén;D;MAGYARORSZÁG
7;Milyen rokont neveztek ipának?;az apóst;az anyóst;a sógort;a nagybácsit;A;ÁLTALÁNOS
8;Mi a neve a szegedi dómnak?;Szent István székesegyház;Fogadalmi templom;Szent György-templom;Kálvária-templom;B;VALLÁS
9;Melyik magyar együttes nagylemeze volt a "Zenegép"?;Fonográf;Generál;Karthago;Corvina;B;ZENE
10;Kit győzött le Cornelius Scipio Kr.e. 202-ben a zámai csatában?;Nagy Sándort;Spartacust;Hannibált;Dareioszt;C;TÖRTÉNELEM
11;Melyik sportágban szereztük első világbajnoki aranyérmünket?;asztaliteniszben;vívásban;műkorcsolyában;sportlövészetben;C;SPORT
1;Mi a vargánya?;suszterinas;gombafajta;gázlómadárfajta;cipészszerszám;B;NYELV
2;Kije volt Rocinantének don Quijote?;lova;gazdája;szolgálója;szerelme;B;IRODALOM
3;Miről híres a milánói Scala?;operaelőadásairól;spagettijéről;fagylaltjáról;ásványtani kiállításairól;A;ÁLTALÁNOS
4;Az alábbiak közül melyik egy egyárbócos vitorlás neve?;dingi;diné;dimer;dzsigg;A;SPORT
5;Melyik hangszer művésze volt Rácz Aladár?;cimbalom;citera;cseleszta;klarinét;A;OPERA
6;Mi az ókori egyiptomiak szent bogarának, a szkarabeusznak a mai neve?;szarvasbogár;katicabogár;galacsinhajtó bogár;kőrisbogár;C;BIOLÓGIA
7;Hol történt a "pálfordulás"?;Tarsusban;Jeruzsálemben;a damaszkuszi úton;a Rómába vezető úton;C;TÖRTÉNELEM
8;Kik voltak a négusok?;közép-afrikai törzs;etióp császárok;amerikai rabszolgák;pretoriai polgárjogi harcosok;B;TÖRTÉNELEM
1;Milyen eszközről nevezetes Gábor Áron?;rézágyúról;vízágyúról;viharágyúról;gulyáságyúról;A;TÖRTÉNELEM
2;Milyen ételt neveztek el a Fekete gyémántok írójáról?;tyúkhúslevest;marhahúslevest;bablevest;a feketelevest;C;IRODALOM
3;Melyik Párizs folyója?;Szajna;Rhöne;Garonne;Loire;A;FÖLDRAJZ
4;Melyik együttes slágere volt a "The Wall"?;Pink Floyd;Genesis;Rolling Stones;Queen;A;ZENE
5;Melyik országban uralkodott a Napkirály?;Franciaország;Oroszország;Ausztria;Spanyolország;A;TÖRTÉNELEM
6;Mi a kapcsolat Pollack Mihály és a Nemzeti Múzeum épülete között?;ő volt az első igazgatója;ő tervezte;adománnyal segítette;ő restaurálta;B;TÖRTÉNELEM
7;Milyen alakú baktériumok a bacilusok?;pálcika;gömb;csavar;kúp;A;BIOLÓGIA
8;Hány stációt járt végig Jézus Krisztus a keresztúton?;7;14;10;12;B;VALLÁS
9;Ki fedezte fel a penicilint?;Sir Alexander Fleming;Paul Ehrlich;Howard Temin;Robert Koch;A;BIOLÓGIA
10;Melyik város híres strandja a Copacabana?;Barcelona;Rio de Janeiro;Havanna;Buenos Aires;B;ORSZÁGOK
11;Ki nem játszotta a legendás James Bondot?;Sean Connery;George Lazenby;Timothy Hutton;Timothy Dalton;C;FILM
12;Ki volt a legnagyobb ragtime-zeneszerző?;Scott Joplin;Irving Berlin;Glenn Miller;Cole Porter;A;ZENE
13;Mit jelent magyarul a még ma is létező mohikán törzs neve?;a bölény fia;sebes ló;medve;farkas;D;NYELV
1;Mire használják a franciakulcsot?;a Louvre bezárására;erényövek nyitására;anyacsavar meghúzására;nyelvtanulásra;C;ÁLTALÁNOS
2;Melyik vásári szórakozóhelyről kapta címét Fábri Zoltán klasszikus filmje?;Céllövölde;Hullámvasút;Körhinta;Vurstli;C;FILM
3;Mikor izzik a galagonya ruhája Weöres Sándor versében?;amikor felpróbálja;ha tűzbe tartják;őszi éjjel;szedés közben;C;IRODALOM
4;Ki tervezte az Országház épületét?;Lotz Károly;Steindl Imre;Schulek Frigyes;Alpár Ignác;B;ÉPÍTÉSZET
5;Melyik operát írta Verdi a Szuezi-csatorna megnyitása kapcsán?;a Rigolettót;az Otellót;a Traviatát;az Aidát;D;OPERA
6;Mi az angol trónörökös hagyományos címe?;Lord Mayor;infáns;windsori herceg;walesi herceg;D;ÁLTALÁNOS
7;Ki mondta, hogy nincs a teremtésben vesztes, csak ő?;Hamlet;Bánk bán;Ádám;Rómeó;B;IRODALOM
8;Melyik városban rendezték az 1956-os melbourne-i olimpia lovasversenyeit?;Stockholm;Sydney;London;Wellington;A;SPORT
1;Mi látható Törökország zászlaján?;egy félhold;egy fél nap;egy fél felhő;egy fél villám;A;ORSZÁGOK
2;A régi családoknál a gardedám szinte családtagnak számít. Ki volt ő?;a kotnyeles szomszéd;az udvarló fess gárdatiszt;a hölgykisérő;a hűséges eb;C;ÁLTALÁNOS
3;Mire használják Alexander Bell találmányát?;motorozásra;telefonálásra;repülésre;távírásra;B;TECHNIKA
4;Hányas számrendszer a bináris számrendszer?;tizes;hetes;tizenkettes;kettes;D;TUDOMÁNY
5;Milyen hangszer készítőjeként vált híressé Stradivari?;zongora;gitár;hegedű;nagybőgő;C;OPERA
6;Melyik rock-együttes énekese volt Freddie Mercury?;AC/DC;Rolling Stones;Queen;Led Zeppelin;C;ZENE
7;Amerika melyik botrányáról szól Az elnök emberei című film?;a Lewinsky-ügyről;a Kennedy-gyilkosságról;a Watergate-ügyről;a Reagan-merényletről;C;FILM
8;Ki volt a sakálfejű isten az egyiptomi mitológiában?;Ozirisz;Ízisz;Anubisz;Ámon-Ré;C;VALLÁS
9;A kakaó melyik rokonát használják üditőital gyártására?;a gyömbért;a kóladiót;a kokacserjét;a kinint;B;KONYHA
10;Melyik ökölvívónk nyert ezüstérmet az 1972-es müncheni olimpián váltósúlyban?;Kajdi János;Gedó György;Botos András;Orbán László;A;SPORT
1;Hogyan fejezi ki a mondás, hogy hamarosan nagyobb pénzösszegre teszünk szert?;lóg a pénzeső lába;benéz a lé az ablakon;ki korán kel, telt bukszát lel;pénz áll a házhoz;D;NYELV
2;Az alábbiak közül melyik egy sakkfigura elnevezése?;kuruc;labanc;huszár;hajdú;C;JÁTÉK
3;Mit kapott, akinek a számítógépén e-mail van?;új merevlemezt;elektronikus levelet;bővítőkártyát;új hajlékonylemezt;B;ÁLTALÁNOS
4;Melyik sportág nemzetközi szövetsége a FIFA?;bírkózás;kosárlabda;labdarúgás;kerékpározás;C;SPORT
5;Az alábbiak közül ki vagy mi a laboda?;bűntetőeszköz;gyomnövény;a labdarúgó régiesen;énekesmadár;B;NYELV
6;Melyik ország nem szigetország?;Sri Lanka;Írország;Honduras;Tajvan;C;FÖLDRAJZ
1;Melyik konyhai eszköz lehet az ágyú szó előtagja?;tölcsér;reszelő;mozsár;szita;C;KONYHA
2;Milyen "autó" szerepel a legendás 1934-es magyar film címében?;csoda;kurblis;mese;tizennégy karátos;C;FILM
3;Az alábbiak közül melyik indítja meg a gázkeverék robbanását a belsőégésű motorban?;gyújtózsinór;gyújtólencse;gyújtógyertya;gyutacs;C;TECHNIKA
4;Hogy becézik a Republic együttes frontemberét?;Cipő;Cipó;Papucs;Hobó;A;ZENE
5;Mit szeret az, aki kedveli az anagrammákat?;egy ókori versfajtát;egy ételkülönlegességet;kisebb tárgyak gyűjtését;nyelvi játékokat;D;NYELV
6;Hol élnek a jegesmedvék?;az Északi-sarkon;a Déli-sarkon;mindkét sarkvidéken;Dél-Ausztráliában;A;BIOLÓGIA
7;Milyen szín nem szerepel Németország zászlajában?;fekete;zöld;sárga;vörös;B;ORSZÁGOK
8;Ki írt zongoraversenyt balkézre?;Liszt Ferenc;Ravel;Chopin;Rahmanyinov;B;OPERA
1;Milyen "szem" van a kerékpárokon?;sas;macska;vakond;kutya;B;TECHNIKA
2;Mely testrészünknek lehet utótagja a halak petéje, az ikra?;fül;kar;láb;derék;C;BIOLÓGIA
3;Melyik papi méltóságról kapta nevét egy sütemény?;érsek;püspök;kanonok;bíboros;B;KONYHA
4;Melyik részét fogyasztják a kelbimbónak?;levelét;szárát;rügyeit;virágát;C;KONYHA
5;Mit kapott az az ember, akinek szépiát vittek ajándékba?;mezei virágot;csokoládés süteményt;tintahalat;elegáns szeszes italt;C;NYELV
1;Melyik állatnak "ég a háza ideki" az ismert gyermekdal szerint?;medve;csiga;kutya;méhecske;B;ÁLTALÁNOS
2;Mi volt az eredeti foglalkozása Ronald Reagannek?;festő;szobrász;színész;zenész;C;TÖRTÉNELEM
3;Folytassa a mondást! "Madarat tolláról, embert ...";családjáról;barátjáról;ruhájáról;munkájáról;B;NYELV
4;Hova megy, aki a turfra indul?;bankba;kaszinóba;tőzsdére;lóversenypályára;D;ÁLTALÁNOS
5;Milyen gyümölcs "a magyar narancs" A tanú című nagysikerű vígjátékban?;mandarin;grapefruit;citrom;tök;C;FILM
6;Melyik munka eszköze a vetélő?;fonás;vetés;szövés;aratás;C;TECHNIKA
7;Melyik magyar futballbíró lett háromszor egymás után a világ legjobb játékvezetője?;Puhl Sándor;Palotai Károly;Zsolt István;Vágner László;A;SPORT
8;Melyik vidék festőjének nevezik Egry Józsefet?;a Balaton;a Hortobágy;Budapest;Szeged;A;KÉPZŐMŰVÉSZET
9;Ki tervezte az autógyártásban először alkalmazott futószalagrendszert?;Galamb József;Henry Ford;Bíró László;Louis Renault;A;TECHNIKA
1;Melyik "káposzta" egy étel elnevezése?;csupros;lucskos;mocskos;löttyedt;B;KONYHA
2;Milyen színű drágakő a rubin?;kék;vörös;sárga;színtelen;B;ÁLTALÁNOS
3;Az alábbiak közül melyik egy szőlőfajta neve?;desdemona;otelló;rómeó;prosperó;B;BIOLÓGIA
4;Az alábbiak közül mit neveznek tandemnek?;női fehérneműt;kétüléses kerékpárt;tanári szemléltetőeszközt;kétfedelű repülőgépet;B;NYELV
5;Milyen állatok láthatók a Laokón-csoport nevű híres szobron?;sasok;kígyók;oroszlánok;farkasok;B;KÉPZŐMŰVÉSZET
6;Melyik betegség ellen védenek a Sabin-cseppek?;torokgyík;gyermekbénulás;szamárköhögés;tuberkolózis;B;BIOLÓGIA
7;Melyik úszónemben győzött háromszor Kovács Ági az 1999-es isztambuli Európa-bajnokságon?;gyorsúszásban;hátúszásban;pillangóúszásban;mellúszásban;D;SPORT
8;Ki a zeneszerzője a "Magyar táncok"-nak?;Brahms;Liszt Ferenc;Smetana;Dohnányi Ernő;A;OPERA
9;Melyik Walt Disney-rajzfilmhez komponált dalokat Elton John?;Pocahontas;Oroszlánkirály;Herkules;Aladdin;B;FILM
10;Mely országban található a méneséről híres Lipica helység?;Horvátország;Szlovénia;Ausztria;Szlovákia;B;ORSZÁGOK
11;Milyen hangszert neveztek el a múzsák lakhelyéről?;ütőst;vonóst;fúvóst;billentyűst;C;OPERA
12;Melyik USA tagállam területén található a Grand Canyon?;Nevada;Colorado;Arizona;Utah;C;FÖLDRAJZ
13;Ki győzte le Spartacust, az ókori rabszolgafelkelés vezetőjét?;Scipio;Pompeius;Julius Caesar;Crassus;D;TÖRTÉNELEM
1;Hova kéne menni pulykakakast venni az ismert dal szerint?;Badacsonyba;Debrecenbe;Kőbányára;pulykafarmra;B;ÁLTALÁNOS
2;Hova jut be egy színházban az, akit beengednek a kulisszák mögé?;a büfé mögé;a díszlet mögé;a zsinórpadlásra;a zenekari árokba;B;ÁLTALÁNOS
3;Minek az őse volt a velocipéd?;orrszarvú;tornacipő;repülő;kerékpár;D;NYELV
4;Milyen nyelv a BASIC?;javított eszperantó;kódolt titkosírás;számítógépes programnyelv;madárnyelv;C;ÁLTALÁNOS
5;Melyik magyar labdarúgó klubcsapat szerezte addig a legtöbb bajnokságot?;Kispest Honvéd;Újpest;Vasas;Ferencváros;D;SPORT
6;Melyik növény szárított húsa a kopra?;kivi;kókuszdió;licsi;kesudió;B;BIOLÓGIA
7;Melyik pályaudvar csarnokát építette az Eiffel-cég?;Déli pályaudvar;Keleti pályaudvar;Józsefvárosi pályaudvar;Nyugati pályaudvar;D;ÁLTALÁNOS
8;Ki vitte a magyar zászlót az atlantai olimpián?;Benedek Tibor;Gyulai Zsolt;Kovács István;Szabó Bence;D;SPORT
9;Hogy nevezik a zsidó húsvétot?;Peszah;Purim;Jom kippur;macesz;A;VALLÁS
1;Milyen déligyümölcs szerepel Bartók "csodálatos" táncjátékának címében?;füge;banán;mandarin;kókusz;C;OPERA
2;Milyen tulajdonsággal szokták jellemezni a nyulat?;ritka;szapora;eszes;ravasz;B;ÁLTALÁNOS
3;Mi tartja pályájukon az égitesteket?;az égellenállás;a gravitáció;a fénysebesség;a szaturáció;B;TUDOMÁNY
4;Melyik ókori nép viselete volt a tunika?;a suméroké;az egyiptomiaké;a rómaiaké;a kínaiaké;C;TÖRTÉNELEM
5;Melyik az uralkodó vallás Indiában?;hindu;buddhista;szikh;muzulmán;A;VALLÁS
1;Hogy nevezzük a gyermekkorban kihulló fogakat?;tejfog;vízfog;fűrészfog;teafog;A;BIOLÓGIA
2;Melyik ország Kanada egyetlen szomszédja?;Brazília;Mexikó;Oroszország;Amerikai Egyesült Államok;D;FÖLDRAJZ
3;Milyen élőlény járt elsőként a világűrben?;kutya;macska;majom;tengerimalac;A;ÁLTALÁNOS
4;Mi a porcelángyártás fő alapanyaga?;kvarc;gyanta;kaolin;polisztirol;C;TECHNIKA
1;Egy magyar népdal szerint melyik gyümölcs érik, amikor hajlik a vessző?;narancs;banán;dinnye;szőlő;D;ÁLTALÁNOS
2;Melyik férfinevünkből származik egy díszes kabátfajta elnevezése?;Attila;Levente;Botond;Huba;A;ÁLTALÁNOS
3;Milyen állat a dromedár?;egypúpú teve;kétpúpú teve;szamár és öszvér utóda;ló és öszvér utóda;A;BIOLÓGIA
4;Melyik országban láthatók a Meteóra-kolostorok?;Bulgáriában;Törökországban;Oroszországban;Görögországban;D;ORSZÁGOK
5;Melyik város modern épülete a Pompidou központ?;Bordeaux;Párizs;Genf;Montreal;B;ORSZÁGOK
6;Melyik ország uralkodója volt Krisztina királynő, akit filmen Greta Garbo is megszemélyesített?;Norvégia;Dánia;Svédország;Finnország;C;TÖRTÉNELEM
7;Melyik szervünk betegsége a gümőkór?;a fogé;a májé;a bőré;a tüdőé;D;BIOLÓGIA
8;Melyik magyar labdarúgó volt a legtöbbször válogatott?;Fazekas László;Hidegkúti Nándor;Albert Flórián;Bozsik József;D;SPORT
1;Milyen kerti szerszám "sülhet el" néha a mondás szerint?;az eke szarva;a kapanyél;a locsolócső;a metszőolló;B;NYELV
2;Melyik királyunkról írt rock-operát a Szörényi-Bródy szerzőpáros 1983-ban?;Szent Lászlóról;Szent Istvánról;Könyves Kálmánról;Mátyás királyról;B;ZENE
3;Hogy nevezzük a vegyi folyamatok sebességét megváltoztató anyagot?;katalizátor;katapult;katalógus;katarzis;A;TUDOMÁNY
4;Az alábbi országok közül hol közlekednek a legtöbben kerékpárral?;India;Egyesült Államok;Kína;Franciaország;C;ÁLTALÁNOS
5;Mi a neve Tarzan párjának?;Mary;Jill;Jane;Eve;C;FILM
6;Mennyi pénzért árulta el Júdás Jézust?;ötven aranyért;harminc ezüstért;negyven ezüstért;húsz aranyért;B;VALLÁS
7;Mi a címe Charles Darwin legismertebb művének?;A majmok és mi;Az evolúció és mi;A fajok eredete;A homo sapiens eredete;C;BIOLÓGIA
8;Mit vállal, aki vállalta a komaságot?;a sógorságot;a keresztszülőséget;a mostohaszülőséget;a násznagyságot;B;ÁLTALÁNOS
9;Kit vagy kiket védelmezett a hét mesterlövész az azonos című klasszikus westernfilmben?;az amerikai elnököt;egy mexikói falut;olsz maffiozókat;egy apacs törzset;B;FILM
1;Milyen állatokról írt musicalt Andrew Lloyd Webber?;elefántokról;medvékről;macskákról;denevérekről;C;ZENE
2;Melyik tengerbe torkollik a Duna?;az Adriai-tengerbe;a Földközi-tengerbe;a Fekete-tengerbe;a Márvány-tengerbe;C;FÖLDRAJZ
3;Mennyi a Ludolf-féle szám vagyis a "pi" kerekített értéke?;3.14;4.25;1.34;3.33;A;TUDOMÁNY
4;Mi a libretto?;újfajta szerencsejáték;áruhitel;zenés művek szövegkönyve;rabszolgák felszabadítása;C;NYELV
5;Milyen állat nyelte le Jónást a Bibliában?;víziló;krokodil;cethal;oroszlán;C;VALLÁS
6;Melyik ország tánca volt eredetileg a tangó?;Argentína;Portugália;Spanyolország;Brazília;A;ORSZÁGOK
1;Melyik háziállat gyermekének nincs se füle, se farka az ismert gyermekdal szerint?;ló;kecske;tehén;bárány;C;ÁLTALÁNOS
2;Melyik szervünket gyógyítja a kardiológus?;szívünket;szemünket;fogunkat;tüdőnket;A;BIOLÓGIA
3;Mit csinál, aki srófol?;könyvel;kalapál;csavaroz;pénzt ver;C;NYELV
4;Melyik szakma dolgozóit ünnepeljük június első vasárnapján?;a pedagógusokat;az orvosokat;a bányászokat;a rendőröket;A;ÁLTALÁNOS
5;Kinek a regényéből készült a "La Mancha lovagja" című musical?;Victor Hugo;Cervantes;Boccaccio;Dickens;B;IRODALOM
6;Melyik különleges hangszer zenésze Ravi Shankar?;szitár;konga;tabla;cseleszta;A;OPERA
7;Mi volt a címe az Arany János kései műveit tartalmazó versgyűjteménynek?;Visszaemlékezések;Epilógus;Őszikék;Emlékkönyv;C;IRODALOM
8;Kik laktak a Tiltott Városban?;mongol kánok;indiai maharadzsák;kínai császárok;tibeti szerzetesek;C;TÖRTÉNELEM
9;Kiről kapták nevüket a szovjet Tupoljev típusú repülőgépek?;egy élmunkás szerelőről;az első pilótáról;a tervezőiroda vezetőjéről;a gyár igazgatójáról;C;TECHNIKA
10;Milyen színű nyáron a hermelin bundája?;fekete;szürke;barna;fehér;C;BIOLÓGIA
11;Miről választotta nevét a U2 együttes?;atom-tengeralattjáróról;kémműholdról;felderítő repülőgépről;anyahajóról;C;ZENE
9;Mit jelent magyarul a "Gaudeamus", a ballagási ének címe?;Keljünk útra!;Vígadjunk!;Búcsúzzunk el!;Éljünk a mának!;B;NYELV
1;Hogy szól a mondás: "Ki mint vet, ...";úgy kaszál;úgy arat;úgy marad;úgy gereblyézik;B;NYELV
2;Mit készítenek a szilvából, ha szilvóriumot főznek belőle?;lekvárt;levest;pálinkát;befőttet;C;KONYHA
3;Mi volt a Margitsziget korábbi neve?;Nyulak szigete;Őzek szigete;Kolostorok szigete;Papok szigete;A;TÖRTÉNELEM
4;Mije van egy ruhának, ha van sleppje?;uszálya;fátyla;fodra;alsószoknyája;A;ÁLTALÁNOS
5;Hogy nevezi az utókor Blaha Lujzát?;az avoni hattyú;a legdalosabb magyar;a nemzet csalogánya;a nagyasszony;C;SZÍNHÁZ
6;Milyen származású a képregény- és filmhős Asterix?;gall;normann;vandál;viking;A;FILM
7;Miből készül a kumisz?;kecsketejből;rozsból;kancatejből;mákból;C;KONYHA
8;Hány négyzetméter egy hektár?;50,000;100,000;10,000;1,000;C;TUDOMÁNY
9;Az alábbi musicalek közül melyiket komponálta utoljára Andrew Lloyd Webber?;Macskák;Evita;Jézus Krisztus Szupersztár;Az Operaház fantomja;D;ZENE
1;Mi a japán nők hagyományos viselete?;bikini;harakiri;monokini;kimonó;D;ÁLTALÁNOS
2;Melyik fővárosról kapta nevét egy népszerű, panírozott húsétel?;Bécs;London;Berlin;Varsó;A;KONYHA
3;Hogy nevezzük a vulkáni kráterből kiömlő izzó folyadékot?;gleccser;láva;gejzír;lavina;B;FÖLDRAJZ
4;Milyen "parcellának" nevezik a keskeny szántóföldeket?;nadrágszár;nadrágfék;nadrágszíj;nadrágtartó;C;NYELV
5;Hány magyar királyt avattak szentté?;egyet;kettőt;hármat;négyet;B;TÖRTÉNELEM
6;Melyik Grimm-mesefiguráról írt balettzenét Csajkovszkij?;Csipkerózsikáról;Hófehérkéről;Hamupipőkéről;Hüvelyk Matyiról;A;OPERA
7;Melyik a Naprendszer legnagyobb bolygója?;Uránusz;Jupiter;Plútó;Szaturnusz;B;TUDOMÁNY
8;Melyik Európa legkisebb szigetállama?;Málta;Ciprus;Izland;Írország;A;FÖLDRAJZ
9;Hol található a Balaton Múzeum?;Keszthely;Siófok;Balatonfüred;Fonyód;A;MAGYARORSZÁG
10;Melyik színdarab játszódik a harmincéves háború alatt?;Az orleans-i szűz;Az obsitos;Kurázsi mama;Fáklyaláng;C;IRODALOM
1;Mit fog enni mivel a Hyppolit, a lakáj főhőse a filmben elhangzó híres mondás szerint?;töpörtyűt töpörtyűvel;virslit mustárral;hagymát hagymával;hamburgert kólával;C;FILM
2;Mire használják a vályogot?;üveggyártásra;ruhakészítésre;építkezésre;fűtésre;C;TECHNIKA
3;Mennyi idő alatt kerüli meg a Hold a Földet?;28 nap;30 nap;40 nap;1 év;A;TUDOMÁNY
4;Mit tilolnak az alábbiak közül?;búzát;gyapjút;kendert;sonkát;C;ÁLTALÁNOS
5;Melyik méretet nem adják meg a női konfekcióruhákon?;derékbőség;csípőbőség;mellbőség;vállszélesség;D;ÁLTALÁNOS
6;Milyen célra készítik a standfotókat?;űrobjektumok tanulmányozására;családi albumba;meteorológiai vizsgálatokra;reklámcélokra;D;ÁLTALÁNOS
7;Kinek a születésnapja alkalmából indult a 70-es trolibuszjárat Budapesten?;Sztálin;Rákosi Mátyás;Hruscsov;Lenin;A;TÖRTÉNELEM
8;Hogy hívják azt a hajót, melyen Fülig Jimmy pincérként és fűtőként is tevékenykedik?;Rangoon;Radzeer;Honolulu Star;Mi újság, Wagner úr?;C;IRODALOM
9;Hogyan írjuk helyesen nagy drámaírónk raggal ellátott nevét?;Madácscsal;Madáccsal;Madáchcsal;Madách-csal;C;NYELV
10;Melyik sportág szakkifejezése a fless?;birkózás;torna;vitorlázás;vívás;D;SPORT
1;Mi a délibáb?;mediterrán növény;déli gyermekelőadás;légköri jelenség;trópusi lepkekezdemény;C;ÁLTALÁNOS
2;Hogy nevezik a kártyások az osztás után fennmaradó paklit?;talon;maccs;full;talján;A;JÁTÉK
3;Milyen húsból készül a bifsztek?;sertés;liba;marha;galamb;C;KONYHA
4;Mire használják az amerikánert?;lövésre;vésésre;sportolásra;fúrásra;D;ÁLTALÁNOS
5;Melyik a Föld leghosszabb folyója?;Jangce;Nílus;Mississippi;Amazonas;B;FÖLDRAJZ
6;Mi volt a neve Jurij Gagarin űrhajójának?;Luna-1;Voszhod-1;Vosztok-1;Szojuz-1;C;TECHNIKA
7;Mi az a csepű, amit a színészek "rágtak"?;dohánylevél;kenderkóc;szövegkönyv;száraz kenyér;B;ÁLTALÁNOS
8;Hol él a trópusi gyümölcs nevével megegyezző nevű madár, a kivi?;Dél-Amerikában;Új-Zélandon;Afrikában;Szibériában;B;BIOLÓGIA
9;Mi a teljesítmény SI mértékegysége?;joule;watt;lóerő;newton;B;TUDOMÁNY
10;Melyik állam zászlaja hasonlít az Egyesült Államok zászlajára, de csak egy csillag található benne?;Libéria;Ausztrália;Malajzia;Costa Rica;A;ORSZÁGOK
11;Ki volt Magyarország párizsi nagykövete 1947-1949 között?;Szakasits Árpád;Károlyi Mihály;Fejtő Ferenc;Illyés Gyula;B;TÖRTÉNELEM
1;Mi a köznapi elnevezése a boltozat nélküli emberi talpnak?;hernyótalp;medvetalp;sítalp;lúdtalp;D;BIOLÓGIA
2;Az alábbiak közül melyik nem halfajta?;viza;tok;harcsa;varsa;D;BIOLÓGIA
3;Mit csináltak azzal, akit kistafíroztak?;kisminkelték;törölték a nyílvántartásból;ellátták kelengyével;pellengérre állították;C;NYELV
4;Hol képezték ki a szovjet űrhajósokat?;Csillagvárosban;Napvárosban;Lunavárosban;Űrvárosban;A;ÁLTALÁNOS
5;A Biblia szerint hány nap alatt teremtette az Úr a világot?;tíz;hat;hét;három;B;VALLÁS
6;Milyen állatból van kevés Madách szállóigéje szerint?;kutyából;rókából;fókából;bolhából;C;IRODALOM
7;G. B. Shaw melyik darabjából készült a My Fair Lady című musical?;Warrenné mestersége;Candida;Pygmalion;Szent Johanna;C;IRODALOM
8;Mivel foglalkozik egy balneológus?;nyelvújítással;barlangokkal;cetekkel;gyógyfürdőkkel;D;NYELV
9;Melyik testrészünk csontja a singcsont?;a koponyáé;az alkaré;a törzsé;a lábszáré;B;BIOLÓGIA
10;Melyik afrikai ország diktátora volt Idi Amin?;Szudán;Kenya;Uganda;Közép-afrikai Köztársaság;C;TÖRTÉNELEM
1;Mit kapott, akinek a vásárból ajándékot hoztak?;búcsúpoharat;madárlátta kalácsot;vásárfiát;a vásáros fiát;C;ÁLTALÁNOS
2;Hány lapból áll egy csomag magyar kártya?;ötvenkettő;huszonegy;harminckettő;huszonnyolc;C;JÁTÉK
3;Melyik anyag növényi eredetű?;gyapjú;pamut;selyem;angóra;B;TUDOMÁNY
4;Kik használják munkájuk során a programnyelveket?;rendezvényszervezők;számítógépes szakemberek;idegenvezetők;mezőgazdasági szakemberek;B;ÁLTALÁNOS
5;Melyik rock-operában éneklik, hogy "Ringasd el magad!"?;A nyomorultak;Képzelt riport ...;István, a király;Sztárcsinálók;B;ZENE
6;Az alábbiak közül melyiket találta fel Alfred Nobel svéd vegyész?;a villámhárítót;a dinamitot;a teflonbevonatot;az aszpirint;B;TUDOMÁNY
7;Melyik sajt kapta nevét egy svájci tájegységről?;trappista;eidámi;parmezán;ementáli;D;ÁLTALÁNOS
8;Kik voltak az orosz történelemből ismert dekabristák?;egy kommunista sejt;egy festőcsoport;romantikus zeneszerzők;cárellenes összeesküvők;D;TÖRTÉNELEM
9;Milyen színű trikót visel a szakasz-győztes a Tour de France kerékpárversenyen?;kék;lila;piros;sárga;D;SPORT
10;Hol végezte szabadesés-kísérleteit Galilei?;a páduai templomban;a milánói dómban;a velencei harangtoronyban;a pisai ferde toronyban;D;TUDOMÁNY
11;Hol született Erkel Ferenc?;Pápán;Makón;Turán;Gyulán;D;OPERA
12;Mi a növényi sejtfalakat felípítő szénhidrát neve?;laktóz;cellulóz;maltóz;glükóz;B;BIOLÓGIA
13;Melyik olimpián lett újra versenyszám az íjászat?;Tokióban;Mexikóban;Montreálban;Münchenben;D;SPORT
1;Mi nem kell a "jó bornak" a szólás szerint?;cégér;hordó;kocsmáros;szőlő;A;ÁLTALÁNOS
2;Hogy nevezik a völgyet, vagy szakadékot átívelő hidat?;viador;viadukt;pontusz;apszis;B;ÁLTALÁNOS
3;Melyik nem a Toldi-trilógia része?;Toldi;Toldi estéje;Toldi szerelme;Toldi a rengetegben;D;IRODALOM
4;Kiknek a virága a mirtusz az illem szerint?;vőlegények;menyasszonyok;első bálozó lányok;idős asszonyok;B;ÁLTALÁNOS
5;Milyen ciklusokban váltakoznak az állatövi jegyek a kínai asztrológiában?;havonta;három hetente;évente;évtizedenként;C;ÁLTALÁNOS
6;Mit szeretne enni József Attila a De szeretnék gazdag lenni kezdősorú versében?;libasültet;csirkecombot;pulykamellet;kacsalábat;A;IRODALOM
7;Hogyan ábrázolják Justitiát, az igazság istennőjét?;lándzsával a kezében;törvénykönyvvel a kezében;bekötött szájjal;bekötött szemmel;D;VALLÁS
8;Melyik országban játszódik Puccini Pillangókisasszony című operája?;Kínában;az Egyesült Államokban;Japánban;Olaszországban;C;OPERA
9;Mi Firenze folyója?;Arno;Adige;Pó;Reno;A;FÖLDRAJZ
10;Melyik állat tetteti magát halottnak vészhelyzetben?;pávián;oposszum;ugróegér;gekkó;B;BIOLÓGIA
1;Melyik ma született állat ártatlan a szólás szerint?;pitbull;kisnyúl;polip;bárány;D;ÁLTALÁNOS
2;Melyik híres város börtöne volt a Tower?;Los Angeles;London;Washington;Velence;B;ORSZÁGOK
3;Milyen sportolóról szól Sylvester Stallone Rocky című filmje?;sakkozóról;gátfutóról;bokszolóról;zsokéról;C;FILM
4;Milyen ruhadarabot neveznek tütünek?;a csaposok kötényét;a kisbabák előkéjét;a balett-táncosok szoknyáját;a borivók gallérját;C;ÁLTALÁNOS
5;Mire használják a kaucsukfa tejnedvét?;üdítőital készítésére;gumigyártásra;állatok etetésére;papírgyártásra;B;TECHNIKA
6;Ki adott ki ukázt?;Gutenberg János;II. András;az orosz cár;Batu kán;C;TÖRTÉNELEM
7;Hol vannak planktonok?;a tengerekben;az őserdők fáin;a magas sziklákon;a tavaszi réteken;A;BIOLÓGIA
8;Melyik évben omlott le a berlini fal?;1989-ben;1990-ben;1988-ban;1991-ben;A;TÖRTÉNELEM
9;"Isa por és homu vogymuk."-mondja a Halotti beszéd. Mit jelentett a XII. században az "isa" szó?;lehet;hiszen;csak;bizony;D;NYELV
10;Hol írta alá szeptember elején a japán küldöttség a kapitulációs okmányokat?;a Lincoln hadihajón;a Missouri hadihajón;Pearl Harborban;Okinava szigetén;B;TÖRTÉNELEM
11;Mely európai ország gyarmata volt az 1910-es évek elején a mai Líbia?;Hollandia;Franciaország;Olaszország;Nagy-Britannia;C;TÖRTÉNELEM
12;Ki vagy mi volt a mitológia szerint Romolus és Remus édesanyja?;egy farkas;Juno;Minerva;Rhea Silvia;D;VALLÁS
13;Hogy nevezik a buddhista szerzetesrendet?;hinajána;szangha;dharma;mahájána;B;VALLÁS
1;Hova estek az "istenek" a nagy sikerű vígjáték címe szerint?;orra;a fenekükre;talpra;a fejükre;D;FILM
2;Mit értettek régen egy ember országlása alatt?;országjárást;uralkodást;okoskodást;térképkészítést;B;NYELV
3;Melyik gázlómadár az alábbiak közül?;sólyom;ölyv;gulipán;cinke;C;BIOLÓGIA
4;Melyik híd átadása nyomán írta Arany János a Hídavatás című balladáját?;Lánchíd;Ferenc József híd;Margit híd;Erzsébet híd;C;IRODALOM
5;Kik hordtak régen kakastollas fejfedőt?;tűzoltók;betyárok;csendőrök;orvosok;C;ÁLTALÁNOS
6;Melyik opera bordalában hallhatjuk a "Gondold meg és igyál!" kezdetű sorokat?;Verdi: Traviata;Erkel: Bánk bán;Bizet: Carmen;Gounod: Faust;B;OPERA
7;Melyik városban lőtték le John Fitzgerald Kennedyt?;Las Vegasban;Chicagóban;Bostonban;Dallasban;D;TÖRTÉNELEM
8;Hány csapással sújtotta az Úr Egyiptomot?;száz;tizenkettő;tíz;hét;C;VALLÁS
9;Melyik állat lehet kilencöves?;tatu;hangyász;medúza;teknős;A;BIOLÓGIA
10;Mi a pontos címe Kemény Zsigmond regényének?;Özvegy és leánya;Az özvegy meg a lánya;Egy asszony meg a lánya;A leányanya;A;IRODALOM
1;Mit keres a kákán az akadékoskodó ember?;egy kisebb vagyont;gumót;csomót;masnit;C;NYELV
2;Melyik hidunk építését vezette Clark Ádám?;Margit híd;Lánchíd;Erzsébet híd;Szabadság híd;B;TECHNIKA
3;Milyen "embert" játszott Dustin Hoffman a nagy sikerű film címe szerint?;elő;erő;kidobó;eső;D;FILM
4;Mi volt a neve a kétnyomásos földművelés során vetetlenül hagyott földnek?;parlagtábla;ugar;senki rétje;néma barázda;B;TÖRTÉNELEM
5;Hogy nevezik a cselgáncsban a hagyományos küzdőszőnyeget?;cukahara;cunami;tatami;ikebana;C;SPORT
6;Kinek a vígjátéka alapján készült a "My Fair Lady" című musical?;Shakespeare;Oscar Wilde;G.B.Shaw;Neil Simon;C;IRODALOM
7;Hol folyik a Maros a Tiszába?;Makónál;Szegednél;Battonyánál;Hódmezővásárhelynél;B;FÖLDRAJZ
8;Melyik égitestre szállt le a Surveyor-1?;a Marsra;a Holdra;a Vénuszra;az Ióra;B;TUDOMÁNY
9;Melyik hónapban van a Föld legközelebb a Naphoz?;január;március;július;szeptember;A;TUDOMÁNY
10;Ki volt Keresztelő János apja a Bibliában?;Zakariás;Jonatán;Elizeus;Fülöp;A;VALLÁS
1;Az alábbiak közül melyik ehető?;a krokett;a krikett;a kokott;a zsakett;A;KONYHA
2;Ki volt Antonius szerelme?;Agrippina;Kleopátra;Salome;Antónia;B;IRODALOM
3;Minek a szállításával végzik a méhek a virágok beporzását?;a nektár;a bibe;a pollen;a párta;C;BIOLÓGIA
4;Melyik városban áll a híres vár, a Hradzsin?;Isztambul;Prága;Koppenhága;Bagdad;B;ORSZÁGOK
1;Az alábbiak közül melyik egy apró termetű madár neve?;pávaszem;kecskeszem;ökörszem;tyúkszem;C;BIOLÓGIA
2;Hol található a híres francia egyetem, a Sorbonne?;Párizsban;Nizzában;Rómában;Lyonban;A;ORSZÁGOK
3;Mi a címe a Zenthe Ferenc főszereplésével készült filmsorozatnak: "… kapitánya";Rákóczi;A Tenkes;A Vértes;Thököly;B;FILM
4;Milyen húsból készül a flekken?;sertés;marha;kacsa;csirke;A;KONYHA
5;Kit neveztek árvízi hajósnak?;Vasvári Pált;Noét;Széchenyi Istvánt;Wesselényi Miklóst;D;TÖRTÉNELEM
6;Az alábbi történelmi alakok közül kit nem Ádám személyesít meg Az ember tragédiájában?;Miltiadész;Kepler;Michelangelo;Danton;C;IRODALOM
7;Hol őrzik Budapesten a Szent Jobbot?;a Nemzeti Múzeumban;az Országházban;a Bazilikában;a Mátyás-temploban;C;VALLÁS
8;A csicsóka melyik része ehető?;a virágzata;a levele;a gyökérgumója;a magja;C;BIOLÓGIA
1;Hogyan szól a mondás? "Nomen est …";show-man;omen;Truman;bitumen;B;NYELV
2;Mit csinálnak az indiánok a mokaszínnal?;vadásznak vele;járnak benne;meglovagolják;elszívják;B;NYELV
3;Melyik város nevezetessége a Trevi-kút?;Firenze;Velence;Róma;Nápoly;C;ORSZÁGOK
4;Hol imádkoznak a buddhista szerzetesek?;dzsámiban;pagonyban;pagodában;minaretben;C;VALLÁS
5;Kit szeretett "forrón" Tony Curtis az 1959-es híres vígjátékban?;Ava Gardnert;Doris Dayt;Marilyn Monroe-t;Anita Ekberget;C;FILM
6;Mely állam mely korszakát nevezzük viktoriánus kornak?;Franciaország, XVII. század;Anglia, XIX. század;Németország, XX. század;Spanyolország, XVIII. század;B;TÖRTÉNELEM
7;Hol haladhat át a gyalogos a KRESZ szerint?;híd úttestjén;felüljáró úttestjén;főútvonalon;autópályán;C;ÁLTALÁNOS
8;Hogy hívták Indira Gandhi fiát, aki később szintén merénylet áldozata lett?;Karamcsand Gandhi;Radzsiv Gandhi;Csaran Szingh;Csandra Sékhar;B;TÖRTÉNELEM
9;Mi volt a Rigoletto című opera alapjául szolgáló színmű címe?;A herceg szerelmes;A bolond leánya;A király mulat;A bérgyilkos vallomása;C;OPERA
10;Kit neveztek régen kurírnak?;az utcai hírlapárust;a kisbírót;a vándordalnokot;a futárt;D;NYELV
1;Mire használják a hidegvágót?;fagylaltkészítésre;időjárás-előrejelzésre;fémvágásra;nádaratásra;C;TECHNIKA
2;Mit jár be a messze vidékeket bebarangoló ember?;Kisalföldet-Nagyalföldet;Tolnát-Baranyát;Makót-Jeruzsálemet;Hencidát-Boncidát;B;ÁLTALÁNOS
3;Melyik állat lakik dúcban?;galamb;fecske;veréb;párduc;A;BIOLÓGIA
4;Hány kerülete van Budapestnek?;22;20;23;25;C;ÁLTALÁNOS
5;Ki készítette a firenzei Dávid szobrot?;Michelangelo;Leonardo;Amerigo Tot;Caravaggio;A;KÉPZŐMŰVÉSZET
6;Melyik atlétának állítottak még életében szobrot hazájában?;Al Oerter;Paavo Nurmi;Emil Zátopek;Jesse Owens;B;SPORT
7;Mikből áll egy számítógép szoftvere?;chipekből;mágneslemezekből;mechanikus építőelemekből;programokból és adatokból;D;ÁLTALÁNOS
8;Kinek a lánya volt Marie Antoinette?;XVI. Lajos;I. Frigyes;Mária Terézia;II. József;C;TÖRTÉNELEM
9;Melyik városunkban látható a Ferenczy-művészcsalád múzeuma?;Vácott;Győrött;Szentendrén;Pécsett;C;MAGYARORSZÁG
1;Hogy szól a mondás: "..., vedd el a lányát.";Kérd meg az anyját;Kerüld az apját;Nézd meg az anyját;Számold a pénzét;C;NYELV
2;Melyik állat jelzője a "kacagó"?;hiéna;koala;cerkófmajom;lajhár;A;BIOLÓGIA
3;Hol található zsinórpadlás?;mosodákban;kolostorokban;színházakban;varrodákban;C;ÁLTALÁNOS
4;Melyik játékban játszik nagy szerepet a blöffölés?;a pókerban;a biliárdban;a rulettben;a huszonegyben;A;JÁTÉK
5;Melyik kosárlabdacsapatban kezdte NBA-beli szereplését Dávid Kornél?;Utah Jazz;Los Angeles Lakers;Chicago Bulls;Orlando Magic;C;SPORT
6;Ki volt az első köztársasági elnök Magyarországon a II. világháború után?;Nagy Ferenc;Szakasits Árpád;Dobi István;Tildy Zoltán;D;TÖRTÉNELEM
7;Kinek a nevéhez fűződik a Julianus-naptár?;Julianus barát;Julius Caesar;Justinianus császár;Gergely pápa;B;TÖRTÉNELEM
8;Melyik magyar rock-együttes slágerei voltak a "Szállj fel magasra!" és a "Kóbor angyal"?;Beatrice;Piramis;Korál;Edda;B;ZENE
9;Melyik megyénkben van a Szelidi-tó?;Békés megyében;Bács-Kiskun megyében;Baranya megyében;Csongrád megyében;B;FÖLDRAJZ
1;Az alábbiak közül melyik női név egy népszerű sorozat címe is?;Eufrozina;Esmeralda;Emerencia;Eulália;B;ÁLTALÁNOS
2;Min utazhatunk kajütben ülve?;vonaton;hajón;repülőn;metrón;B;ÁLTALÁNOS
3;Mi a címe a Whitney Houston főszereplésével készült filmnek? "Több, mint ...";testvér;testőr;csendőr;festő;B;FILM
4;Melyik felfogás tekintette a Földet a világegyetem középpontjának?;geocentrikus;heliocentrikus;centrifugális;univerzális;A;TUDOMÁNY
5;Hogy nevezik a sakkban a király és a bástya speciális helycserélyét?;koronázás;ostrom;kitörés;sáncolás;D;JÁTÉK
6;Hogyan folytatódott Oliver Cromwell új mintájú hadseregének a jelszava? "Bizz Istenben és ...";nyergeld a lovadat!;ne higgy a királyoknak!;tartsd szárazon a puskaport!;építs flottát!;C;TÖRTÉNELEM
7;Melyik állat mirigyéből nyertek régen a bíborfestéket?;bíborkagyló;bíborpolip;bíborlepke;bíborcsiga;D;BIOLÓGIA
8;Melyik szövetségi államból származik Bill Clinton amerikai elnök?;Alabama;Oklahoma;Arkansas;Kentucky;C;ÁLTALÁNOS
9;Kitől ered a Tűzföld elnevezése?;Magellántól;Kolumbusztól;Pizarrótól;Toscanellitől;A;TÖRTÉNELEM
10;Ki nem volt VIII. Henrik felesége?;Boleyn Anna;Aquitániai Eleonóra;Catherine Parr;Cleve-i Anna;B;TÖRTÉNELEM
1;Melyik "dió" egy fűszernövény neve?;szaracén;szerecsen;szerelem;szerencse;B;BIOLÓGIA
2;Kik fuvoláznak a Bóbita című Weöres Sándor-versben?;a New York-i filharmónikusok;hetérák;konzervatóriumi diákok;béka-hadak;D;IRODALOM
3;Mit csinál, aki egy rokkát hajt?;kocsikázik;fon;vadászik;őröl;B;ÁLTALÁNOS
4;Milyen személy egy országban, aki "persona non grata"?;igen kedvelt;szigorúan védett;törvények felett álló;nem kívánatos;D;NYELV
5;Mi volt a híres konstantinápolyi börtön, a Héttorony török neve?;Bastille;Tower;Jedikule;Kutikula;C;TÖRTÉNELEM
6;Melyik sportág szakkifejezései a csapásszám, az oldalvíz és a térdeplő?;kenu;evezés;kajak;vitorlázás;A;SPORT
7;Az alábbi helyek közül hova ment hazánkban az, aki a Kúriára ment?;bíróságra;csendőrőrsre;kórházba;országgyűlésre;A;NYELV
8;Melyik bolygó kutatására indították el 1962-ben a Mariner-2 űrszondát?;Uránusz;Mars;Vénusz;Szaturnusz;C;TUDOMÁNY
9;Melyik állattal áll szoros rokonságban a vidra?;fóka;menyét;patkány;hidra;B;BIOLÓGIA
1;Hogyan szól a népi mondóka? "Szebb a ..., mint a ...";veréb-túzok;liba-lúd;páva-pulyka;mama-lánya;C;NYELV
2;Ki vagy mi a papaja?;afrikai ügetőmadár;trópusi gyümölcs;új-zélandi törzs;tibeti szerzetes;B;NYELV
3;Miből van a szervezetünkben: vékony, vastag, patkó?;bél;bőr;ideg;hártya;A;BIOLÓGIA
4;Mi a címe Ternovszky Béla nagy sikerű rajzfilmjének?;Egérfogó;Legszebb egér a bőregér;Macskafogó;Macskakarom;C;FILM
5;Hány ütést szabad vinnie az ultiban annak, aki "betlit" vállal?;mindet;csak az utolsót;egyet sem;csak a kezdőt;C;JÁTÉK
6;Mit jelent az intervenció?;közjáték;beavatkozás;értékcsökkenés;figyelmeztetés;B;NYELV
7;Milyen munkához használták a guzsalyt?;főzéshez;marhatereléshez;szántáshoz;fonáshoz;D;NYELV
8;Mi a neve az Észak-Kínától a Földközi-tengerig húzódó régi kereskedelmi útvonalnak?;karavánút;selyemút;Nagy Sándor-út;borostyánút;B;TÖRTÉNELEM
1;Mi a basszuskulcs?;az erényöv nyitója;jel a kottán;káromkodás;titkosírás kódja;B;NYELV
2;Melyik anyag nem szükséges a beton előállításához?;homok;sóder;szurok;cement;C;TECHNIKA
3;Milyen állatok szerepelnek Alfred Hitchcock klasszikus filmjének címében?;farkasok;madarak;szúnyogok;nyulak;B;FILM
4;Mit árult a rőfös?;zöldséget;húsárut;méterárut;vasárut;C;ÁLTALÁNOS
5;Az alábbiak közül melyik anyag készül vulkanizálással?;gumi;acél;alumínium;üveg;A;TECHNIKA
6;Az alábbi vízi járművek közül melyiknek nincs vitorlája?;kílbót;fregatt;bark;brigg;A;TECHNIKA
7;Melyik operában hangzik fel a híres Torreádordal?;Bizet: Carmen;Verdi: A trubadúr;Rossini: A sevillai borbély;Puccini: Tosca;A;OPERA
8;Melyik város volt az inka kultúra egyik központja?;Tenochtitlan;Viracocha;Machu Picchu;Quetzalcoatl;C;TÖRTÉNELEM
1;Hogyan folytatódik a mondás? "Láttam én már ...";sapkán bojtot;karón varjút;labdán pöttyöt;zoknin lyukat;B;NYELV
2;Hol rendezik meg minden év júliusában az Anna-bált?;Balatonalmádiban;Balatonfüreden;Tihanyban;Badacsonyban;B;ÁLTALÁNOS
3;Mi Napóleon fiának közismert neve?;Medvebocs;Sasfiók;Császárpingvin;Őzgida;B;TÖRTÉNELEM
4;Hol található az angol királyok Londonhoz közel fekvő nyári rezidenciája?;Greenwich;Wimbledon;Westminster;Windsor;D;ÁLTALÁNOS
5;Melyik anyag fagyás- és forráspontja között osztotta be hőmérsékleti skáláját Anders Celsius?;higany;olaj;alkohol;víz;D;TUDOMÁNY
6;Melyik sportágban lett kétszeres olimpiai bajnok Gyulai Zsolt?;kajakozás;birkózás;vívás;úszás;A;SPORT
7;Hol alszik a rét József Attila Altató című versében?;dunna alatt;takaró alatt;paplan alatt;a csillagos ég alatt;A;IRODALOM
8;Az alábbi női nevek közül melyik nem növénynév?;Amarillisz;Erika;Xénia;Georgina;C;BIOLÓGIA
1;Mi a híres szovjet film címe: "Szállnak a ...";varjak;partizánok;darvak;vörös csillagok;C;FILM
2;Milyen virágzatban fejlődik a tűlevelű növények magjai?;tobozban;dobozban;gubóban;bogasban;A;BIOLÓGIA
